31,2,7,4243587581433632,2018-05-25 15:42:07
34,2,8,4243587581433632,2018-05-25 15:43:07
36,2,10,4243587581433632,2018-05-25 15:44:07
37,2,12,4243587581433632,2018-05-25 15:45:07
40,2,12,4243587581433632,2018-05-25 15:46:08
46,2,13,4243587581433632,2018-05-25 15:47:08
48,4,13,4243587581433632,2018-05-25 15:48:08
52,4,14,4243587581433632,2018-05-25 15:49:08
57,4,15,4243587581433632,2018-05-25 15:50:09
60,4,17,4243587581433632,2018-05-25 15:51:09
61,4,18,4243587581433632,2018-05-25 15:52:09
64,4,18,4243587581433632,2018-05-25 15:53:09
68,4,19,4243587581433632,2018-05-25 15:54:09
71,5,19,4243587581433632,2018-05-25 15:55:09
71,5,19,4243587581433632,2018-05-25 15:56:10
72,5,20,4243587581433632,2018-05-25 15:57:10
74,5,21,4243587581433632,2018-05-25 15:58:10
74,5,22,4243587581433632,2018-05-25 15:59:10
74,5,22,4243587581433632,2018-05-25 16:00:10
78,5,22,4243587581433632,2018-05-25 16:01:11
79,5,22,4243587581433632,2018-05-25 16:02:11
79,5,22,4243587581433632,2018-05-25 16:03:11
82,6,22,4243587581433632,2018-05-25 16:04:11
83,6,24,4243587581433632,2018-05-25 16:05:12
83,6,24,4243587581433632,2018-05-25 16:06:12
83,6,24,4243587581433632,2018-05-25 16:07:12
84,6,24,4243587581433632,2018-05-25 16:08:12
86,6,24,4243587581433632,2018-05-25 16:09:12
88,6,24,4243587581433632,2018-05-25 16:10:13
89,6,24,4243587581433632,2018-05-25 16:11:13
92,6,24,4243587581433632,2018-05-25 16:12:13
93,6,24,4243587581433632,2018-05-25 16:13:14
94,6,24,4243587581433632,2018-05-25 16:14:14
95,6,24,4243587581433632,2018-05-25 16:15:14
98,6,24,4243587581433632,2018-05-25 16:16:15
98,6,24,4243587581433632,2018-05-25 16:17:15
101,6,24,4243587581433632,2018-05-25 16:18:15
104,7,24,4243587581433632,2018-05-25 16:19:16
106,7,26,4243587581433632,2018-05-25 16:20:16
107,7,26,4243587581433632,2018-05-25 16:21:16
111,7,26,4243587581433632,2018-05-25 16:22:16
111,7,27,4243587581433632,2018-05-25 16:23:16
114,7,27,4243587581433632,2018-05-25 16:24:17
114,7,27,4243587581433632,2018-05-25 16:25:17
114,7,27,4243587581433632,2018-05-25 16:26:17
115,7,27,4243587581433632,2018-05-25 16:27:17
116,7,27,4243587581433632,2018-05-25 16:28:17
116,7,27,4243587581433632,2018-05-25 16:29:18
118,7,27,4243587581433632,2018-05-25 16:30:18
121,7,28,4243587581433632,2018-05-25 16:31:18
122,7,28,4243587581433632,2018-05-25 16:32:18
125,7,28,4243587581433632,2018-05-25 16:33:18
127,7,29,4243587581433632,2018-05-25 16:34:19
131,7,29,4243587581433632,2018-05-25 16:35:19
133,8,30,4243587581433632,2018-05-25 16:36:19
134,8,30,4243587581433632,2018-05-25 16:37:19
135,8,30,4243587581433632,2018-05-25 16:38:19
136,8,30,4243587581433632,2018-05-25 16:39:19
137,8,30,4243587581433632,2018-05-25 16:40:20
138,8,30,4243587581433632,2018-05-25 16:41:20
140,8,30,4243587581433632,2018-05-25 16:42:20
141,8,30,4243587581433632,2018-05-25 16:43:20
142,8,31,4243587581433632,2018-05-25 16:44:20
143,8,31,4243587581433632,2018-05-25 16:45:20
143,8,31,4243587581433632,2018-05-25 16:46:21
144,8,31,4243587581433632,2018-05-25 16:47:21
146,8,31,4243587581433632,2018-05-25 16:48:21
147,8,31,4243587581433632,2018-05-25 16:49:21
148,8,32,4243587581433632,2018-05-25 16:50:21
150,8,32,4243587581433632,2018-05-25 16:51:21
152,8,32,4243587581433632,2018-05-25 16:52:22
155,8,32,4243587581433632,2018-05-25 16:53:22
156,8,32,4243587581433632,2018-05-25 16:54:22
156,8,33,4243587581433632,2018-05-25 16:55:22
157,8,34,4243587581433632,2018-05-25 16:56:22
159,8,34,4243587581433632,2018-05-25 16:57:23
162,8,34,4243587581433632,2018-05-25 16:58:23
163,8,35,4243587581433632,2018-05-25 16:59:23
164,8,35,4243587581433632,2018-05-25 17:00:23
165,8,36,4243587581433632,2018-05-25 17:01:23
172,8,36,4243587581433632,2018-05-25 17:02:24
173,8,36,4243587581433632,2018-05-25 17:03:24
179,8,36,4243587581433632,2018-05-25 17:04:25
181,8,36,4243587581433632,2018-05-25 17:05:25
181,8,36,4243587581433632,2018-05-25 17:06:25
183,8,37,4243587581433632,2018-05-25 17:07:25
184,8,37,4243587581433632,2018-05-25 17:08:25
184,8,37,4243587581433632,2018-05-25 17:09:25
186,8,38,4243587581433632,2018-05-25 17:10:26
188,8,38,4243587581433632,2018-05-25 17:11:26
192,8,38,4243587581433632,2018-05-25 17:12:26
194,8,38,4243587581433632,2018-05-25 17:13:26
196,8,38,4243587581433632,2018-05-25 17:14:26
196,8,38,4243587581433632,2018-05-25 17:15:27
197,8,38,4243587581433632,2018-05-25 17:16:27
199,9,38,4243587581433632,2018-05-25 17:17:27
199,9,38,4243587581433632,2018-05-25 17:18:27
201,9,38,4243587581433632,2018-05-25 17:19:27
203,9,38,4243587581433632,2018-05-25 17:20:27
203,9,38,4243587581433632,2018-05-25 17:21:28
203,9,38,4243587581433632,2018-05-25 17:22:28
206,9,38,4243587581433632,2018-05-25 17:23:28
210,10,38,4243587581433632,2018-05-25 17:24:28
212,10,39,4243587581433632,2018-05-25 17:25:28
213,10,39,4243587581433632,2018-05-25 17:26:28
213,10,39,4243587581433632,2018-05-25 17:27:29
215,10,39,4243587581433632,2018-05-25 17:28:29
215,10,39,4243587581433632,2018-05-25 17:29:29
216,10,39,4243587581433632,2018-05-25 17:30:29
216,10,40,4243587581433632,2018-05-25 17:31:29
216,10,40,4243587581433632,2018-05-25 17:32:30
218,10,40,4243587581433632,2018-05-25 17:33:30
218,10,40,4243587581433632,2018-05-25 17:34:30
220,10,40,4243587581433632,2018-05-25 17:35:30
220,10,42,4243587581433632,2018-05-25 17:36:31
220,10,43,4243587581433632,2018-05-25 17:37:31
221,10,43,4243587581433632,2018-05-25 17:38:31
222,10,43,4243587581433632,2018-05-25 17:39:31
224,10,43,4243587581433632,2018-05-25 17:40:31
225,10,43,4243587581433632,2018-05-25 17:41:31
227,10,43,4243587581433632,2018-05-25 17:42:32
229,10,43,4243587581433632,2018-05-25 17:43:32
229,10,43,4243587581433632,2018-05-25 17:44:32
229,10,43,4243587581433632,2018-05-25 17:45:32
229,10,43,4243587581433632,2018-05-25 17:46:33
229,10,43,4243587581433632,2018-05-25 17:47:33
230,10,43,4243587581433632,2018-05-25 17:48:33
230,10,43,4243587581433632,2018-05-25 17:49:33
230,10,43,4243587581433632,2018-05-25 17:50:34
231,10,43,4243587581433632,2018-05-25 17:51:34
231,10,43,4243587581433632,2018-05-25 17:52:34
231,10,43,4243587581433632,2018-05-25 17:53:34
232,10,43,4243587581433632,2018-05-25 17:54:34
233,10,43,4243587581433632,2018-05-25 17:55:35
233,10,43,4243587581433632,2018-05-25 17:56:35
233,10,43,4243587581433632,2018-05-25 17:57:35
236,10,43,4243587581433632,2018-05-25 17:58:35
237,10,43,4243587581433632,2018-05-25 17:59:35
237,10,43,4243587581433632,2018-05-25 18:00:36
237,10,43,4243587581433632,2018-05-25 18:01:36
237,10,44,4243587581433632,2018-05-25 18:02:37
238,10,44,4243587581433632,2018-05-25 18:03:37
238,10,44,4243587581433632,2018-05-25 18:04:37
239,10,44,4243587581433632,2018-05-25 18:05:37
240,10,44,4243587581433632,2018-05-25 18:06:37
241,10,44,4243587581433632,2018-05-25 18:07:38
242,10,44,4243587581433632,2018-05-25 18:08:38
242,10,44,4243587581433632,2018-05-25 18:09:38
244,10,44,4243587581433632,2018-05-25 18:10:38
246,10,44,4243587581433632,2018-05-25 18:11:38
246,10,44,4243587581433632,2018-05-25 18:12:38
247,10,44,4243587581433632,2018-05-25 18:13:39
249,10,44,4243587581433632,2018-05-25 18:14:39
249,10,44,4243587581433632,2018-05-25 18:15:39
250,10,44,4243587581433632,2018-05-25 18:16:39
251,10,44,4243587581433632,2018-05-25 18:17:39
253,10,44,4243587581433632,2018-05-25 18:18:40
253,10,44,4243587581433632,2018-05-25 18:19:40
253,10,44,4243587581433632,2018-05-25 18:20:40
253,10,44,4243587581433632,2018-05-25 18:21:40
255,10,44,4243587581433632,2018-05-25 18:22:40
255,10,44,4243587581433632,2018-05-25 18:23:40
255,10,44,4243587581433632,2018-05-25 18:24:41
255,10,44,4243587581433632,2018-05-25 18:25:41
256,10,44,4243587581433632,2018-05-25 18:26:41
256,10,44,4243587581433632,2018-05-25 18:27:41
256,10,44,4243587581433632,2018-05-25 18:28:41
257,10,44,4243587581433632,2018-05-25 18:29:42
257,10,44,4243587581433632,2018-05-25 18:30:42
259,10,44,4243587581433632,2018-05-25 18:31:42
260,10,44,4243587581433632,2018-05-25 18:32:42
261,10,44,4243587581433632,2018-05-25 18:33:42
261,10,44,4243587581433632,2018-05-25 18:34:42
261,10,44,4243587581433632,2018-05-25 18:35:43
261,10,44,4243587581433632,2018-05-25 18:36:43
261,11,44,4243587581433632,2018-05-25 18:37:43
261,11,44,4243587581433632,2018-05-25 18:38:43
261,11,44,4243587581433632,2018-05-25 18:39:43
262,11,45,4243587581433632,2018-05-25 18:40:44
264,11,45,4243587581433632,2018-05-25 18:41:44
264,11,45,4243587581433632,2018-05-25 18:42:44
264,12,45,4243587581433632,2018-05-25 18:43:44
266,12,45,4243587581433632,2018-05-25 18:44:44
269,13,45,4243587581433632,2018-05-25 18:45:44
269,13,45,4243587581433632,2018-05-25 18:46:45
269,13,45,4243587581433632,2018-05-25 18:47:45
270,14,45,4243587581433632,2018-05-25 18:48:45
270,14,45,4243587581433632,2018-05-25 18:49:45
272,14,45,4243587581433632,2018-05-25 18:50:45
273,14,45,4243587581433632,2018-05-25 18:51:45
273,14,46,4243587581433632,2018-05-25 18:52:46
273,14,46,4243587581433632,2018-05-25 18:53:46
275,14,46,4243587581433632,2018-05-25 18:54:46
275,14,46,4243587581433632,2018-05-25 18:55:46
275,14,46,4243587581433632,2018-05-25 18:56:47
275,14,46,4243587581433632,2018-05-25 18:57:47
275,14,46,4243587581433632,2018-05-25 18:58:47
277,14,46,4243587581433632,2018-05-25 18:59:47
277,14,46,4243587581433632,2018-05-25 19:00:47
277,14,46,4243587581433632,2018-05-25 19:01:47
278,15,46,4243587581433632,2018-05-25 19:02:48
278,15,47,4243587581433632,2018-05-25 19:03:48
283,16,47,4243587581433632,2018-05-25 19:04:48
283,16,47,4243587581433632,2018-05-25 19:05:48
283,16,48,4243587581433632,2018-05-25 19:06:48
284,16,48,4243587581433632,2018-05-25 19:07:49
284,16,48,4243587581433632,2018-05-25 19:08:49
285,16,48,4243587581433632,2018-05-25 19:09:49
286,16,48,4243587581433632,2018-05-25 19:10:49
286,16,48,4243587581433632,2018-05-25 19:11:49
286,16,48,4243587581433632,2018-05-25 19:12:50
287,16,48,4243587581433632,2018-05-25 19:13:50
289,16,48,4243587581433632,2018-05-25 19:14:50
289,17,49,4243587581433632,2018-05-25 19:15:50
289,17,49,4243587581433632,2018-05-25 19:16:51
295,17,49,4243587581433632,2018-05-25 19:17:51
306,17,49,4243587581433632,2018-05-25 19:18:51
317,17,49,4243587581433632,2018-05-25 19:19:51
325,17,49,4243587581433632,2018-05-25 19:20:51
336,17,49,4243587581433632,2018-05-25 19:21:51
347,21,53,4243587581433632,2018-05-25 19:22:52
357,27,59,4243587581433632,2018-05-25 19:23:52
363,34,70,4243587581433632,2018-05-25 19:24:52
373,38,77,4243587581433632,2018-05-25 19:25:52
384,46,88,4243587581433632,2018-05-25 19:26:53
397,58,103,4243587581433632,2018-05-25 19:27:53
407,62,110,4243587581433632,2018-05-25 19:28:53
416,68,119,4243587581433632,2018-05-25 19:29:53
425,72,125,4243587581433632,2018-05-25 19:30:54
436,83,139,4243587581433632,2018-05-25 19:31:54
450,93,152,4243587581433632,2018-05-25 19:32:54
461,98,159,4243587581433632,2018-05-25 19:33:54
471,104,167,4243587581433632,2018-05-25 19:34:54
480,111,177,4243587581433632,2018-05-25 19:35:55
490,118,187,4243587581433632,2018-05-25 19:36:55
501,124,194,4243587581433632,2018-05-25 19:37:55
508,130,203,4243587581433632,2018-05-25 19:38:55
515,133,209,4243587581433632,2018-05-25 19:39:55
520,136,215,4243587581433632,2018-05-25 19:40:55
527,142,224,4243587581433632,2018-05-25 19:41:56
537,150,234,4243587581433632,2018-05-25 19:42:56
547,162,249,4243587581433632,2018-05-25 19:43:56
557,170,260,4243587581433632,2018-05-25 19:44:56
565,178,272,4243587581433632,2018-05-25 19:45:56
578,184,279,4243587581433632,2018-05-25 19:46:56
588,192,290,4243587581433632,2018-05-25 19:47:57
598,198,298,4243587581433632,2018-05-25 19:48:57
610,204,307,4243587581433632,2018-05-25 19:49:57
617,208,313,4243587581433632,2018-05-25 19:50:57
626,213,321,4243587581433632,2018-05-25 19:51:58
636,219,330,4243587581433632,2018-05-25 19:52:58
643,222,336,4243587581433632,2018-05-25 19:53:58
654,228,345,4243587581433632,2018-05-25 19:54:58
663,235,355,4243587581433632,2018-05-25 19:55:58
672,242,364,4243587581433632,2018-05-25 19:56:58
680,249,375,4243587581433632,2018-05-25 19:57:59
689,258,386,4243587581433632,2018-05-25 19:58:59
696,263,393,4243587581433632,2018-05-25 19:59:59
703,266,398,4243587581433632,2018-05-25 20:00:59
708,271,406,4243587581433632,2018-05-25 20:01:59
720,277,413,4243587581433632,2018-05-25 20:03:00
730,281,419,4243587581433632,2018-05-25 20:04:00
743,288,428,4243587581433632,2018-05-25 20:05:00
756,291,434,4243587581433632,2018-05-25 20:06:00
767,293,438,4243587581433632,2018-05-25 20:07:00
777,295,443,4243587581433632,2018-05-25 20:08:00
789,297,447,4243587581433632,2018-05-25 20:09:01
798,300,452,4243587581433632,2018-05-25 20:10:01
809,302,456,4243587581433632,2018-05-25 20:11:01
818,304,461,4243587581433632,2018-05-25 20:12:01
829,305,465,4243587581433632,2018-05-25 20:13:01
840,308,471,4243587581433632,2018-05-25 20:14:01
853,310,474,4243587581433632,2018-05-25 20:15:02
864,312,479,4243587581433632,2018-05-25 20:16:02
875,314,484,4243587581433632,2018-05-25 20:17:02
885,315,487,4243587581433632,2018-05-25 20:18:02
895,315,490,4243587581433632,2018-05-25 20:19:02
904,316,492,4243587581433632,2018-05-25 20:20:03
915,318,497,4243587581433632,2018-05-25 20:21:03
927,320,500,4243587581433632,2018-05-25 20:22:03
939,323,506,4243587581433632,2018-05-25 20:23:03
948,325,509,4243587581433632,2018-05-25 20:24:03
959,327,514,4243587581433632,2018-05-25 20:25:03
972,329,517,4243587581433632,2018-05-25 20:26:04
981,331,523,4243587581433632,2018-05-25 20:27:04
991,331,523,4243587581433632,2018-05-25 20:28:04
1003,332,528,4243587581433632,2018-05-25 20:29:04
1011,332,530,4243587581433632,2018-05-25 20:30:04
1020,332,533,4243587581433632,2018-05-25 20:31:05
1031,332,537,4243587581433632,2018-05-25 20:32:05
1041,332,542,4243587581433632,2018-05-25 20:33:05
1050,333,545,4243587581433632,2018-05-25 20:34:05
1053,333,546,4243587581433632,2018-05-25 20:35:05
1061,335,550,4243587581433632,2018-05-25 20:36:06
1069,338,554,4243587581433632,2018-05-25 20:37:06
1075,338,556,4243587581433632,2018-05-25 20:38:06
1079,338,557,4243587581433632,2018-05-25 20:39:06
1083,340,561,4243587581433632,2018-05-25 20:40:06
1085,340,563,4243587581433632,2018-05-25 20:41:06
1088,340,566,4243587581433632,2018-05-25 20:42:07
1092,342,570,4243587581433632,2018-05-25 20:43:07
1094,346,574,4243587581433632,2018-05-25 20:44:07
1098,348,577,4243587581433632,2018-05-25 20:45:07
1102,351,581,4243587581433632,2018-05-25 20:46:07
1105,353,584,4243587581433632,2018-05-25 20:47:08
1108,356,589,4243587581433632,2018-05-25 20:48:08
1111,357,591,4243587581433632,2018-05-25 20:49:08
1113,359,594,4243587581433632,2018-05-25 20:50:08
1116,362,598,4243587581433632,2018-05-25 20:51:08
1117,363,600,4243587581433632,2018-05-25 20:52:09
1120,365,604,4243587581433632,2018-05-25 20:53:09
1123,369,608,4243587581433632,2018-05-25 20:54:09
1129,371,611,4243587581433632,2018-05-25 20:55:09
1132,374,613,4243587581433632,2018-05-25 20:56:09
1142,377,615,4243587581433632,2018-05-25 20:57:09
1148,380,617,4243587581433632,2018-05-25 20:58:10
1155,381,620,4243587581433632,2018-05-25 20:59:10
1162,383,622,4243587581433632,2018-05-25 21:00:10
1168,383,622,4243587581433632,2018-05-25 21:01:10
1175,383,622,4243587581433632,2018-05-25 21:02:10
1188,385,624,4243587581433632,2018-05-25 21:03:11
1197,387,626,4243587581433632,2018-05-25 21:04:11
1207,389,628,4243587581433632,2018-05-25 21:05:11
1218,393,632,4243587581433632,2018-05-25 21:06:11
1227,395,634,4243587581433632,2018-05-25 21:07:11
1239,401,638,4243587581433632,2018-05-25 21:08:11
1246,414,640,4243587581433632,2018-05-25 21:09:12
1253,425,641,4243587581433632,2018-05-25 21:10:12
1259,429,642,4243587581433632,2018-05-25 21:11:12
1267,432,642,4243587581433632,2018-05-25 21:12:12
1274,436,644,4243587581433632,2018-05-25 21:13:12
1280,440,646,4243587581433632,2018-05-25 21:14:12
1288,443,647,4243587581433632,2018-05-25 21:15:13
1297,445,647,4243587581433632,2018-05-25 21:16:13
1303,449,649,4243587581433632,2018-05-25 21:17:13
1309,449,649,4243587581433632,2018-05-25 21:18:13
1316,454,652,4243587581433632,2018-05-25 21:19:14
1325,459,656,4243587581433632,2018-05-25 21:20:14
1333,463,658,4243587581433632,2018-05-25 21:21:14
1347,468,662,4243587581433632,2018-05-25 21:22:15
1355,471,663,4243587581433632,2018-05-25 21:23:15
1359,472,663,4243587581433632,2018-05-25 21:24:15
1369,474,664,4243587581433632,2018-05-25 21:25:15
1380,480,669,4243587581433632,2018-05-25 21:26:15
1390,481,669,4243587581433632,2018-05-25 21:27:15
1394,482,669,4243587581433632,2018-05-25 21:28:16
1400,485,670,4243587581433632,2018-05-25 21:29:16
1404,487,670,4243587581433632,2018-05-25 21:30:16
1409,489,670,4243587581433632,2018-05-25 21:31:16
1416,492,671,4243587581433632,2018-05-25 21:32:16
1425,494,671,4243587581433632,2018-05-25 21:33:16
1434,495,671,4243587581433632,2018-05-25 21:34:17
1437,497,671,4243587581433632,2018-05-25 21:35:17
1441,500,672,4243587581433632,2018-05-25 21:36:17
1449,501,672,4243587581433632,2018-05-25 21:37:17
1457,503,672,4243587581433632,2018-05-25 21:38:17
1465,505,673,4243587581433632,2018-05-25 21:39:17
1471,507,673,4243587581433632,2018-05-25 21:40:18
1475,508,673,4243587581433632,2018-05-25 21:41:18
1479,511,674,4243587581433632,2018-05-25 21:42:18
1486,512,674,4243587581433632,2018-05-25 21:43:18
1495,514,674,4243587581433632,2018-05-25 21:44:18
1500,515,674,4243587581433632,2018-05-25 21:45:19
1505,517,674,4243587581433632,2018-05-25 21:46:19
1509,519,675,4243587581433632,2018-05-25 21:47:19
1519,520,675,4243587581433632,2018-05-25 21:48:19
1526,521,675,4243587581433632,2018-05-25 21:49:19
1531,523,676,4243587581433632,2018-05-25 21:50:19
1536,524,676,4243587581433632,2018-05-25 21:51:20
1544,526,676,4243587581433632,2018-05-25 21:52:20
1551,528,677,4243587581433632,2018-05-25 21:53:20
1557,529,677,4243587581433632,2018-05-25 21:54:20
1563,530,677,4243587581433632,2018-05-25 21:55:20
1569,532,677,4243587581433632,2018-05-25 21:56:20
1574,534,678,4243587581433632,2018-05-25 21:57:21
1577,535,678,4243587581433632,2018-05-25 21:58:21
1581,536,678,4243587581433632,2018-05-25 21:59:21
1585,536,678,4243587581433632,2018-05-25 22:00:21
1592,537,678,4243587581433632,2018-05-25 22:01:21
1601,538,679,4243587581433632,2018-05-25 22:02:21
1605,539,679,4243587581433632,2018-05-25 22:03:22
1612,540,679,4243587581433632,2018-05-25 22:04:22
1621,542,679,4243587581433632,2018-05-25 22:05:22
1625,543,679,4243587581433632,2018-05-25 22:06:22
1632,544,679,4243587581433632,2018-05-25 22:07:22
1641,545,679,4243587581433632,2018-05-25 22:08:23
1644,548,680,4243587581433632,2018-05-25 22:09:23
1646,549,680,4243587581433632,2018-05-25 22:10:23
1650,550,680,4243587581433632,2018-05-25 22:11:24
1656,551,680,4243587581433632,2018-05-25 22:12:24
1660,552,680,4243587581433632,2018-05-25 22:13:24
1663,553,680,4243587581433632,2018-05-25 22:14:24
1671,553,680,4243587581433632,2018-05-25 22:15:24
1677,555,681,4243587581433632,2018-05-25 22:16:25
1680,556,681,4243587581433632,2018-05-25 22:17:25
1688,559,682,4243587581433632,2018-05-25 22:18:25
1694,560,682,4243587581433632,2018-05-25 22:19:25
1703,560,682,4243587581433632,2018-05-25 22:20:25
1711,562,683,4243587581433632,2018-05-25 22:21:25
1715,563,683,4243587581433632,2018-05-25 22:22:26
1721,564,683,4243587581433632,2018-05-25 22:23:26
1727,564,683,4243587581433632,2018-05-25 22:24:26
1731,566,684,4243587581433632,2018-05-25 22:25:26
1737,567,684,4243587581433632,2018-05-25 22:26:26
1743,568,684,4243587581433632,2018-05-25 22:27:26
1751,570,685,4243587581433632,2018-05-25 22:28:27
1754,571,685,4243587581433632,2018-05-25 22:29:27
1761,572,685,4243587581433632,2018-05-25 22:30:27
1769,573,685,4243587581433632,2018-05-25 22:31:27
1777,575,686,4243587581433632,2018-05-25 22:32:27
1783,576,686,4243587581433632,2018-05-25 22:33:28
1789,578,687,4243587581433632,2018-05-25 22:34:28
1795,579,687,4243587581433632,2018-05-25 22:35:28
1801,581,688,4243587581433632,2018-05-25 22:36:28
1807,582,688,4243587581433632,2018-05-25 22:37:28
1814,582,688,4243587581433632,2018-05-25 22:38:29
1825,584,689,4243587581433632,2018-05-25 22:39:29
1830,585,689,4243587581433632,2018-05-25 22:40:29
1836,586,689,4243587581433632,2018-05-25 22:41:29
1842,587,689,4243587581433632,2018-05-25 22:42:29
1844,588,689,4243587581433632,2018-05-25 22:43:30
1847,589,689,4243587581433632,2018-05-25 22:44:30
1847,590,689,4243587581433632,2018-05-25 22:45:30
1850,591,689,4243587581433632,2018-05-25 22:46:30
1855,592,690,4243587581433632,2018-05-25 22:47:30
1864,593,690,4243587581433632,2018-05-25 22:48:30
1868,594,690,4243587581433632,2018-05-25 22:49:31
1873,594,690,4243587581433632,2018-05-25 22:50:31
1874,596,691,4243587581433632,2018-05-25 22:51:31
1880,597,691,4243587581433632,2018-05-25 22:52:31
1881,598,691,4243587581433632,2018-05-25 22:53:31
1884,600,692,4243587581433632,2018-05-25 22:54:32
1887,601,692,4243587581433632,2018-05-25 22:55:32
1890,602,692,4243587581433632,2018-05-25 22:56:32
1893,604,693,4243587581433632,2018-05-25 22:57:32
1897,605,693,4243587581433632,2018-05-25 22:58:32
1904,606,693,4243587581433632,2018-05-25 22:59:33
1907,607,693,4243587581433632,2018-05-25 23:00:33
1908,608,693,4243587581433632,2018-05-25 23:01:33
1912,609,693,4243587581433632,2018-05-25 23:02:33
1914,610,693,4243587581433632,2018-05-25 23:03:33
1920,612,694,4243587581433632,2018-05-25 23:04:33
1921,612,695,4243587581433632,2018-05-25 23:05:34
1925,613,695,4243587581433632,2018-05-25 23:06:34
1928,615,696,4243587581433632,2018-05-25 23:07:34
1932,616,697,4243587581433632,2018-05-25 23:08:34
1933,617,697,4243587581433632,2018-05-25 23:09:35
1937,618,697,4243587581433632,2018-05-25 23:10:35
1939,619,697,4243587581433632,2018-05-25 23:11:35
1942,620,697,4243587581433632,2018-05-25 23:12:35
1945,621,697,4243587581433632,2018-05-25 23:13:35
1948,623,698,4243587581433632,2018-05-25 23:14:36
1954,624,698,4243587581433632,2018-05-25 23:15:36
1959,625,698,4243587581433632,2018-05-25 23:16:36
1964,626,698,4243587581433632,2018-05-25 23:17:36
1967,628,699,4243587581433632,2018-05-25 23:18:36
1972,629,699,4243587581433632,2018-05-25 23:19:36
1981,631,700,4243587581433632,2018-05-25 23:20:37
1984,634,701,4243587581433632,2018-05-25 23:21:37
1987,635,701,4243587581433632,2018-05-25 23:22:37
1995,636,701,4243587581433632,2018-05-25 23:23:37
2002,637,701,4243587581433632,2018-05-25 23:24:37
2004,639,702,4243587581433632,2018-05-25 23:25:38
2008,640,702,4243587581433632,2018-05-25 23:26:38
2012,641,703,4243587581433632,2018-05-25 23:27:38
2020,643,703,4243587581433632,2018-05-25 23:28:38
2029,644,703,4243587581433632,2018-05-25 23:29:38
2038,646,704,4243587581433632,2018-05-25 23:30:38
2045,647,704,4243587581433632,2018-05-25 23:31:39
2052,648,704,4243587581433632,2018-05-25 23:32:39
2056,649,704,4243587581433632,2018-05-25 23:33:39
2058,651,705,4243587581433632,2018-05-25 23:34:39
2061,652,705,4243587581433632,2018-05-25 23:35:39
2064,654,706,4243587581433632,2018-05-25 23:36:40
2066,655,706,4243587581433632,2018-05-25 23:37:40
2069,657,707,4243587581433632,2018-05-25 23:38:40
2076,659,707,4243587581433632,2018-05-25 23:39:40
2081,660,707,4243587581433632,2018-05-25 23:40:40
2086,661,707,4243587581433632,2018-05-25 23:41:40
2091,663,707,4243587581433632,2018-05-25 23:42:41
2099,665,708,4243587581433632,2018-05-25 23:43:41
2103,666,708,4243587581433632,2018-05-25 23:44:41
2110,668,709,4243587581433632,2018-05-25 23:45:41
2116,670,709,4243587581433632,2018-05-25 23:46:42
2123,671,709,4243587581433632,2018-05-25 23:47:42
2130,672,709,4243587581433632,2018-05-25 23:48:42
2135,674,710,4243587581433632,2018-05-25 23:49:42
2143,675,711,4243587581433632,2018-05-25 23:50:42
2147,676,711,4243587581433632,2018-05-25 23:51:42
2150,678,711,4243587581433632,2018-05-25 23:52:43
2151,680,712,4243587581433632,2018-05-25 23:53:43
2151,681,712,4243587581433632,2018-05-25 23:54:43
2153,683,712,4243587581433632,2018-05-25 23:55:43
2158,684,712,4243587581433632,2018-05-25 23:56:44
2161,686,713,4243587581433632,2018-05-25 23:57:44
2163,688,714,4243587581433632,2018-05-25 23:58:44
2164,689,714,4243587581433632,2018-05-25 23:59:44
2167,690,714,4243587581433632,2018-05-26 00:00:44
2169,692,715,4243587581433632,2018-05-26 00:01:44
2169,693,715,4243587581433632,2018-05-26 00:02:45
2171,695,715,4243587581433632,2018-05-26 00:03:45
2172,695,715,4243587581433632,2018-05-26 00:04:45
2173,697,715,4243587581433632,2018-05-26 00:05:45
2176,697,715,4243587581433632,2018-05-26 00:06:46
2180,697,715,4243587581433632,2018-05-26 00:07:46
2181,697,715,4243587581433632,2018-05-26 00:08:46
2183,697,715,4243587581433632,2018-05-26 00:09:46
2187,697,715,4243587581433632,2018-05-26 00:10:46
2188,697,715,4243587581433632,2018-05-26 00:11:47
2194,697,715,4243587581433632,2018-05-26 00:12:47
2201,697,715,4243587581433632,2018-05-26 00:13:47
2207,697,715,4243587581433632,2018-05-26 00:14:47
2209,697,715,4243587581433632,2018-05-26 00:15:47
2214,697,715,4243587581433632,2018-05-26 00:16:48
2219,697,715,4243587581433632,2018-05-26 00:17:48
2226,697,715,4243587581433632,2018-05-26 00:18:48
2231,697,715,4243587581433632,2018-05-26 00:19:48
2235,697,715,4243587581433632,2018-05-26 00:20:48
2239,697,715,4243587581433632,2018-05-26 00:21:49
2240,697,715,4243587581433632,2018-05-26 00:22:49
2245,697,715,4243587581433632,2018-05-26 00:23:49
2250,697,715,4243587581433632,2018-05-26 00:24:49
2255,697,715,4243587581433632,2018-05-26 00:25:49
2260,697,715,4243587581433632,2018-05-26 00:26:50
2265,697,715,4243587581433632,2018-05-26 00:27:50
2269,697,715,4243587581433632,2018-05-26 00:28:50
2269,698,715,4243587581433632,2018-05-26 00:29:50
2270,699,715,4243587581433632,2018-05-26 00:30:50
2274,699,715,4243587581433632,2018-05-26 00:31:51
2276,699,715,4243587581433632,2018-05-26 00:32:51
2279,700,715,4243587581433632,2018-05-26 00:33:51
2280,701,715,4243587581433632,2018-05-26 00:34:51
2283,701,715,4243587581433632,2018-05-26 00:35:52
2285,702,715,4243587581433632,2018-05-26 00:36:52
2288,703,715,4243587581433632,2018-05-26 00:37:52
2291,704,715,4243587581433632,2018-05-26 00:38:52
2294,705,715,4243587581433632,2018-05-26 00:39:52
2295,706,715,4243587581433632,2018-05-26 00:40:52
2303,707,715,4243587581433632,2018-05-26 00:41:53
2307,708,715,4243587581433632,2018-05-26 00:42:53
2310,709,715,4243587581433632,2018-05-26 00:43:53
2316,709,715,4243587581433632,2018-05-26 00:44:53
2319,710,715,4243587581433632,2018-05-26 00:45:54
2327,710,715,4243587581433632,2018-05-26 00:46:54
2332,710,715,4243587581433632,2018-05-26 00:47:54
2337,711,716,4243587581433632,2018-05-26 00:48:54
2341,712,716,4243587581433632,2018-05-26 00:49:54
2345,713,716,4243587581433632,2018-05-26 00:50:54
2349,714,716,4243587581433632,2018-05-26 00:51:55
2352,715,716,4243587581433632,2018-05-26 00:52:55
2357,716,716,4243587581433632,2018-05-26 00:53:55
2362,716,716,4243587581433632,2018-05-26 00:54:55
2367,718,716,4243587581433632,2018-05-26 00:55:55
2369,719,716,4243587581433632,2018-05-26 00:56:55
2372,719,716,4243587581433632,2018-05-26 00:57:56
2373,720,716,4243587581433632,2018-05-26 00:58:56
2374,721,716,4243587581433632,2018-05-26 00:59:56
2375,722,716,4243587581433632,2018-05-26 01:00:56
2375,722,716,4243587581433632,2018-05-26 01:01:56
2378,723,716,4243587581433632,2018-05-26 01:02:56
2385,724,716,4243587581433632,2018-05-26 01:03:57
2388,725,716,4243587581433632,2018-05-26 01:04:57
2391,726,716,4243587581433632,2018-05-26 01:05:57
2392,727,716,4243587581433632,2018-05-26 01:06:57
2393,728,716,4243587581433632,2018-05-26 01:07:57
2394,728,716,4243587581433632,2018-05-26 01:08:57
2397,729,716,4243587581433632,2018-05-26 01:09:58
2400,730,716,4243587581433632,2018-05-26 01:10:58
2401,731,716,4243587581433632,2018-05-26 01:11:58
2402,732,716,4243587581433632,2018-05-26 01:12:58
2405,732,716,4243587581433632,2018-05-26 01:13:58
2407,732,716,4243587581433632,2018-05-26 01:14:58
2410,733,716,4243587581433632,2018-05-26 01:15:59
2410,734,716,4243587581433632,2018-05-26 01:16:59
2412,735,716,4243587581433632,2018-05-26 01:17:59
2415,736,716,4243587581433632,2018-05-26 01:18:59
2416,737,716,4243587581433632,2018-05-26 01:20:00
2420,738,716,4243587581433632,2018-05-26 01:21:00
2427,739,716,4243587581433632,2018-05-26 01:22:00
2429,740,716,4243587581433632,2018-05-26 01:23:00
2431,741,716,4243587581433632,2018-05-26 01:24:00
2434,742,716,4243587581433632,2018-05-26 01:25:00
2439,743,716,4243587581433632,2018-05-26 01:26:01
2443,744,716,4243587581433632,2018-05-26 01:27:01
2448,745,716,4243587581433632,2018-05-26 01:28:01
2451,746,716,4243587581433632,2018-05-26 01:29:01
2454,747,716,4243587581433632,2018-05-26 01:30:01
2456,748,716,4243587581433632,2018-05-26 01:31:01
2459,749,716,4243587581433632,2018-05-26 01:32:02
2464,750,716,4243587581433632,2018-05-26 01:33:02
2469,750,716,4243587581433632,2018-05-26 01:34:02
2473,751,716,4243587581433632,2018-05-26 01:35:02
2476,752,716,4243587581433632,2018-05-26 01:36:02
2478,753,716,4243587581433632,2018-05-26 01:37:02
2478,753,716,4243587581433632,2018-05-26 01:38:03
2482,754,716,4243587581433632,2018-05-26 01:39:03
2484,755,716,4243587581433632,2018-05-26 01:40:03
2485,756,716,4243587581433632,2018-05-26 01:41:03
2491,758,716,4243587581433632,2018-05-26 01:42:04
2495,758,716,4243587581433632,2018-05-26 01:43:04
2498,759,716,4243587581433632,2018-05-26 01:44:04
2502,760,716,4243587581433632,2018-05-26 01:45:04
2505,761,716,4243587581433632,2018-05-26 01:46:04
2510,762,716,4243587581433632,2018-05-26 01:47:05
2513,762,716,4243587581433632,2018-05-26 01:48:05
2517,763,716,4243587581433632,2018-05-26 01:49:05
2518,764,716,4243587581433632,2018-05-26 01:50:05
2522,765,716,4243587581433632,2018-05-26 01:51:05
2523,766,716,4243587581433632,2018-05-26 01:52:05
2523,767,716,4243587581433632,2018-05-26 01:53:06
2525,767,716,4243587581433632,2018-05-26 01:54:06
2527,768,716,4243587581433632,2018-05-26 01:55:06
2529,769,716,4243587581433632,2018-05-26 01:56:06
2531,770,716,4243587581433632,2018-05-26 01:57:06
2534,771,716,4243587581433632,2018-05-26 01:58:07
2534,771,716,4243587581433632,2018-05-26 01:59:07
2535,772,716,4243587581433632,2018-05-26 02:00:07
2536,773,716,4243587581433632,2018-05-26 02:01:07
2537,774,716,4243587581433632,2018-05-26 02:02:08
2539,775,716,4243587581433632,2018-05-26 02:03:08
2541,776,716,4243587581433632,2018-05-26 02:04:08
2543,777,716,4243587581433632,2018-05-26 02:05:08
2545,777,716,4243587581433632,2018-05-26 02:06:08
2546,778,716,4243587581433632,2018-05-26 02:07:08
2548,779,716,4243587581433632,2018-05-26 02:08:09
2550,780,716,4243587581433632,2018-05-26 02:09:09
2555,781,716,4243587581433632,2018-05-26 02:10:09
2558,782,716,4243587581433632,2018-05-26 02:11:09
2560,782,716,4243587581433632,2018-05-26 02:12:09
2564,783,716,4243587581433632,2018-05-26 02:13:09
2566,784,716,4243587581433632,2018-05-26 02:14:10
2568,785,716,4243587581433632,2018-05-26 02:15:10
2573,786,716,4243587581433632,2018-05-26 02:16:10
2575,787,716,4243587581433632,2018-05-26 02:17:10
2577,788,716,4243587581433632,2018-05-26 02:18:10
2577,789,716,4243587581433632,2018-05-26 02:19:10
2579,790,716,4243587581433632,2018-05-26 02:20:11
2581,790,716,4243587581433632,2018-05-26 02:21:11
2582,791,716,4243587581433632,2018-05-26 02:22:11
2584,792,716,4243587581433632,2018-05-26 02:23:11
2586,793,716,4243587581433632,2018-05-26 02:24:11
2589,794,716,4243587581433632,2018-05-26 02:25:11
2591,795,716,4243587581433632,2018-05-26 02:26:12
2594,796,716,4243587581433632,2018-05-26 02:27:12
2598,797,716,4243587581433632,2018-05-26 02:28:12
2601,798,716,4243587581433632,2018-05-26 02:29:12
2604,799,716,4243587581433632,2018-05-26 02:30:12
2606,801,716,4243587581433632,2018-05-26 02:31:13
2607,802,716,4243587581433632,2018-05-26 02:32:13
2611,803,716,4243587581433632,2018-05-26 02:33:13
2616,804,716,4243587581433632,2018-05-26 02:34:13
2619,805,716,4243587581433632,2018-05-26 02:35:13
2622,806,716,4243587581433632,2018-05-26 02:36:13
2624,807,716,4243587581433632,2018-05-26 02:37:13
2624,808,716,4243587581433632,2018-05-26 02:38:14
2624,809,716,4243587581433632,2018-05-26 02:39:14
2625,810,716,4243587581433632,2018-05-26 02:40:14
2626,811,716,4243587581433632,2018-05-26 02:41:14
2627,813,716,4243587581433632,2018-05-26 02:42:14
2627,813,716,4243587581433632,2018-05-26 02:43:14
2628,815,716,4243587581433632,2018-05-26 02:44:15
2630,816,716,4243587581433632,2018-05-26 02:45:15
2632,816,716,4243587581433632,2018-05-26 02:46:15
2634,817,716,4243587581433632,2018-05-26 02:47:15
2635,818,716,4243587581433632,2018-05-26 02:48:15
2637,820,716,4243587581433632,2018-05-26 02:49:15
2638,821,716,4243587581433632,2018-05-26 02:50:16
2638,822,716,4243587581433632,2018-05-26 02:51:16
2638,823,716,4243587581433632,2018-05-26 02:52:16
2638,824,716,4243587581433632,2018-05-26 02:53:16
2640,825,716,4243587581433632,2018-05-26 02:54:16
2642,826,716,4243587581433632,2018-05-26 02:55:16
2644,827,716,4243587581433632,2018-05-26 02:56:17
2646,828,716,4243587581433632,2018-05-26 02:57:17
2646,829,716,4243587581433632,2018-05-26 02:58:17
2648,830,716,4243587581433632,2018-05-26 02:59:17
2649,831,716,4243587581433632,2018-05-26 03:00:17
2651,832,716,4243587581433632,2018-05-26 03:01:17
2655,833,716,4243587581433632,2018-05-26 03:02:18
2658,834,716,4243587581433632,2018-05-26 03:03:18
2659,835,716,4243587581433632,2018-05-26 03:04:18
2663,836,716,4243587581433632,2018-05-26 03:05:18
2666,837,716,4243587581433632,2018-05-26 03:06:18
2668,837,716,4243587581433632,2018-05-26 03:07:18
2670,838,716,4243587581433632,2018-05-26 03:08:19
2671,839,716,4243587581433632,2018-05-26 03:09:19
2675,840,716,4243587581433632,2018-05-26 03:10:19
2682,841,716,4243587581433632,2018-05-26 03:11:19
2684,843,716,4243587581433632,2018-05-26 03:12:19
2686,843,716,4243587581433632,2018-05-26 03:13:19
2693,844,716,4243587581433632,2018-05-26 03:14:20
2694,845,716,4243587581433632,2018-05-26 03:15:20
2696,846,716,4243587581433632,2018-05-26 03:16:20
2698,847,716,4243587581433632,2018-05-26 03:17:20
2699,849,716,4243587581433632,2018-05-26 03:18:20
2699,850,716,4243587581433632,2018-05-26 03:19:20
2701,851,716,4243587581433632,2018-05-26 03:20:21
2703,852,716,4243587581433632,2018-05-26 03:21:21
2706,854,716,4243587581433632,2018-05-26 03:22:21
2708,855,716,4243587581433632,2018-05-26 03:23:21
2711,856,716,4243587581433632,2018-05-26 03:24:21
2711,857,716,4243587581433632,2018-05-26 03:25:21
2713,858,716,4243587581433632,2018-05-26 03:26:22
2718,860,716,4243587581433632,2018-05-26 03:27:22
2721,861,716,4243587581433632,2018-05-26 03:28:22
2724,862,716,4243587581433632,2018-05-26 03:29:22
2730,863,716,4243587581433632,2018-05-26 03:30:24
2733,865,716,4243587581433632,2018-05-26 03:31:24
2736,866,716,4243587581433632,2018-05-26 03:32:24
2738,867,716,4243587581433632,2018-05-26 03:33:24
2740,869,716,4243587581433632,2018-05-26 03:34:24
2741,870,716,4243587581433632,2018-05-26 03:35:24
2741,871,716,4243587581433632,2018-05-26 03:36:24
2741,872,716,4243587581433632,2018-05-26 03:37:25
2742,872,716,4243587581433632,2018-05-26 03:38:25
2743,872,716,4243587581433632,2018-05-26 03:39:25
2743,872,716,4243587581433632,2018-05-26 03:40:25
2743,872,716,4243587581433632,2018-05-26 03:41:26
2747,872,716,4243587581433632,2018-05-26 03:42:26
